id,title,categoryId,answer
q1,"OS(운영체제)의 정의와 역할은 무엇이며, 하드웨어와 소프트웨어 간의 중간 역할은 어떻게 수행되나요?",OS,
q2,"운영체제의 주요 구성 요소(프로세스 관리자, 메모리 관리자, 파일 시스템, 입출력 시스템 등)는 무엇이며, 각각 어떤 역할을 담당하나요?",OS,
q3,커널(Kernel)의 개념과 커널이 사용자 프로그램과 어떻게 상호작용하는지 설명해 주세요.,OS,
q4,커널 모드와 사용자 모드의 차이 및 이를 통한 시스템 보안 메커니즘은 무엇인가요?,OS,
q5,"모놀리식 커널과 마이크로커널의 차이점, 장단점 및 각각의 사례에 대해 설명해 주세요.",OS,
q6,"프로세스와 스레드의 정의 및 차이점은 무엇이며, 왜 스레드 기반의 병렬 처리가 필요한가요?",OS,
q7,프로세스 생성(Spawn) 및 종료 과정과 프로세스 제어 블록(PCB)의 역할에 대해 설명해 주세요.,OS,
q8,스레드 생성과 스케줄링이 운영체제 내에서 어떻게 관리되는지 설명해 주세요.,OS,
q9,"프로세스 간 통신(IPC: Inter-Process Communication) 방식에는 어떤 방법들이 있고, 각각의 특징은 무엇인가요?",OS,"“프로세스 간 통신은 상황마다 적합한 방식이 다릅니다.

예를 들어, 간단한 데이터 전달에는 **파이프**나 **메시지 큐**를 쓰지만, 성능이 중요한 실시간 서비스에서는 **공유 메모리**를 쓰는 경우가 많습니다. 저도 예전에 로그 수집기를 만들 때 **메시지 큐**와 **공유 메모리 방식** 모두 테스트해본 적이 있었는데요, **메시지 큐**는 구조가 명확하고 관리하기 쉬운 반면, **공유 메모리**는 속도는 빠르지만 동기화 이슈 때문에 세마포어나 뮤텍스 처리에 신경을 많이 써야 했습니다.

또 한 번은 여러 서버 간 데이터를 주고받는 작업을 했었는데, 이럴 땐 **소켓 통신**이 필수적이더라고요. TCP 기반으로 요청과 응답을 정형화해서 쓰니까 디버깅이 쉬워졌던 기억이 납니다.

결국 IPC는 성능, 개발 편의성, 통신 대상에 따라 선택이 달라지고, 실제로 써보면 각 방식마다 분명한 장단점이 있다는 걸 느낍니다.”"
q10,멀티프로세스와 멀티스레드 환경에서 자원 공유 및 동기화 방법에 대해 설명해 주세요.,OS,
q11,"FCFS, SJF, 우선순위 스케줄링, 라운드 로빈 등 주요 프로세스 스케줄링 알고리즘의 원리와 장단점은 무엇인가요?",OS,
q12,"컨텍스트 스위칭(Context Switching)이란 무엇이며, 그 과정에서 발생하는 오버헤드와 성능 영향은 어떻게 관리되나요?",OS,
q13,멀티코어 시스템에서 효과적인 스케줄링 전략과 스레드 배분 기법에 대해 설명해 주세요.,OS,
q14,물리 메모리와 가상 메모리의 차이점과 가상 메모리 기법이 시스템에 주는 이점은 무엇인가요?,OS,
q15,"페이징(Paging)과 세그멘테이션(Segmentation)의 기본 원리, 각각의 장단점, 그리고 실제 적용 사례에 대해 설명해 주세요.",OS,
q16,페이지 테이블(Page Table)의 역할과 TLB(Translation Lookaside Buffer)가 가상 주소 변환 과정에서 가지는 중요성은 무엇인가요?,OS,
q17,페이지 폴트(Page Fault)가 발생하는 원리와 처리 과정은 어떻게 이루어지나요?,OS,
q18,"메모리 할당 기법(First-fit, Best-fit, Worst-fit 등)과 동적 메모리 관리 전략에 대해 설명해 주세요.",OS,
q19,파일 시스템의 기본 원리와 운영체제 내에서 파일 시스템이 수행하는 주요 역할은 무엇인가요?,OS,
q20,파일 시스템의 디렉터리 구조 및 파일 메타데이터 관리 방식에 대해 설명해 주세요.,OS,
q21,"파일 할당 방식(연속, 연결, 인덱스 할당)의 차이와 각각의 장단점, 그리고 실제 OS에서의 구현 사례는 무엇인가요?",OS,
q22,캐싱과 버퍼링이 파일 시스템 성능에 미치는 영향과 그 원리에 대해 설명해 주세요.,OS,
q23,"저널링 파일 시스템(Journaling File System)이란 무엇이며, 장애 발생 시 데이터 복구에 어떻게 기여하는지 설명해 주세요.",OS,
q24,파일 시스템의 마운트(Mounting) 과정과 이를 통한 파일 시스템 관리 방법에 대해 논의해 주세요.,OS,
q25,운영체제의 입출력 시스템(I/O Subsystem)의 기본 역할과 관리 전략은 무엇인가요?,OS,
q26,"인터럽트 기반 I/O와 폴링 방식의 차이점, 각각의 장단점은 무엇이며 실제 사용 예는 어떤 것이 있나요?",OS,
q27,디바이스 드라이버(Device Driver)가 수행하는 역할과 드라이버 개발 시 고려해야 할 주요 사항은 무엇인가요?,OS,
q28,Direct Memory Access(DMA)가 I/O 성능에 미치는 영향과 그 동작 원리에 대해 설명해 주세요.,OS,
q29,"임계 구역(Critical Section) 문제와 이를 해결하기 위한 기본적인 동기화 기법(뮤텍스, 세마포어, 스핀락 등)에 대해 설명해 주세요.",OS,
q30,"데드락(Deadlock)의 발생 조건(상호 배제, 점유 대기, 비선점, 순환 대기)과 그 예방, 탐지, 회피 기법은 무엇인가요?",OS,
q31,"생산자-소비자 문제, 독자-작성자 문제 등 대표적인 동기화 문제의 해결 전략에 대해 설명해 주세요.",OS,
q32,시스템 호출(System Call)의 개념과 사용자 프로그램이 커널 기능을 호출하는 메커니즘에 대해 설명해 주세요.,OS,
q33,"인터럽트와 예외의 차이점 및 각각이 발생하는 상황, 그리고 운영체제에서 이들을 처리하는 방식은 무엇인가요?",OS,
q34,트랩(Trap)과 시그널(Signal)의 개념과 역할에 대해 설명해 주세요.,OS,
q35,"컴퓨터가 부팅될 때 운영체제가 초기화되는 주요 단계(POST, 부트로더 실행, 커널 로딩 등)에 대해 설명해 주세요.",OS,
q36,"부팅 로더(Boot Loader)의 역할과 구성 요소는 무엇이며, OS가 부팅 로더를 통해 어떤 과정을 거치는지 설명해 주세요.",OS,
q37,운영체제에서 비동기 I/O(Asynchronous I/O) 및 이벤트 기반 I/O 처리 방식의 원리와 장점은 무엇인가요?,OS,
q38,"가상화 환경에서 게스트 OS와 호스트 OS 간의 상호 작용 메커니즘은 무엇인가요? (단, 클라우드나 컨테이너 관련 질문과 혼동되지 않도록 OS 내부 관점에서 접근)",OS,
q39,커널 패닉(Kernel Panic)이 발생하는 주요 원인과 이를 디버깅 및 해결하는 방법에 대해 설명해 주세요.,OS,
q40,OS 내에서 캐시 메모리의 역할과 이를 최적화하기 위한 설계 기법은 무엇인가요?,OS,
q41,"컴퓨터 네트워크란 무엇이며, 네트워크를 사용하는 이유는 무엇인가요?",Network,
q42,"LAN, MAN, WAN의 차이점과 예시를 들어 설명해 주세요.",Network,
q43,OSI 7계층과 TCP/IP 4계층의 각 계층 역할을 비교 설명해 주세요.,Network,
q44,네트워크에서 포트(Port)의 역할과 포트 번호의 범위는 어떻게 되나요?,Network,
q45,IPv4와 IPv6의 차이점과 각각의 장단점은 무엇인가요?,Network,
q46,"공인 IP와 사설 IP의 차이는 무엇이며, 각각 어떤 상황에서 사용되나요?",Network,
q47,서브넷 마스크의 개념과 네트워크 분할 시 쓰이는 이유를 설명해 주세요.,Network,
q48,"NAT(Network Address Translation)의 원리와 장점, 단점은 무엇인가요?",Network,
q49,CIDR 방식의 IP 표기법을 설명해 주세요.,Network,
q50,TCP와 UDP의 차이점과 각각 어떤 상황에서 사용하는지 설명해 주세요.,Network,
q51,TCP 3-way handshake와 4-way termination 과정에 대해 설명해 주세요.,Network,
q52,"TCP의 흐름 제어, 혼잡 제어 기법에는 어떤 것들이 있나요?",Network,
q53,TCP의 슬라이딩 윈도우(Sliding Window)의 역할은 무엇인가요?,Network,
q54,UDP를 사용하는 대표적인 서비스들과 그 이유는 무엇인가요?,Network,
q55,"라우터(Router), 스위치(Switch), 허브(Hub)의 차이를 설명해 주세요.",Network,
q56,동적 라우팅과 정적 라우팅의 차이는 무엇인가요?,Network,
q57,패킷 스위칭과 회선 교환의 차이점은 무엇인가요?,Network,
q58,ARP(Address Resolution Protocol)의 동작 원리를 설명해 주세요.,Network,
q59,"ICMP는 어떤 프로토콜이며, 어떤 용도로 사용되나요?",Network,
q60,"MTU(Maximum Transmission Unit)란 무엇이며, 패킷이 MTU보다 클 경우 어떻게 처리되나요?",Network,
q61,Fragmentation(단편화)이 발생하는 이유와 그에 따른 문제점은 무엇인가요?,Network,
q62,DNS의 동작 원리와 도메인 이름이 IP 주소로 변환되는 과정을 설명해 주세요.,Network,
q63,DNS 캐싱과 TTL(Time to Live)은 어떻게 작동하나요?,Network,
q64,"A 레코드, CNAME, MX, NS 등 DNS 레코드 타입은 각각 어떤 정보를 의미하나요?",Network,
q65,"HTTP 1.1, 2, 3의 차이점과 각 버전의 주요 특징은 무엇인가요?",Network,
q66,HTTPS는 HTTP와 무엇이 다른가요? SSL/TLS의 역할을 포함해서 설명해 주세요.,Network,
q67,"HTTP 상태 코드 1xx ~ 5xx의 의미와 주요 코드(200, 301, 404, 500 등)는 무엇인가요?",Network,
q68,"쿠키(Cookie), 세션(Session), 로컬스토리지(LocalStorage)의 차이와 용도는 무엇인가요?",Network,
q69,CORS(Cross-Origin Resource Sharing)의 개념과 해결 방법은 무엇인가요?,Network,
q70,프록시 서버(Proxy)와 리버스 프록시(Reverse Proxy)의 차이와 역할은 무엇인가요?,Network,
q71,로드 밸런서(Load Balancer)의 역할과 작동 방식은 어떻게 되나요?,Network,
q72,DDoS 공격이 발생할 때 네트워크는 어떤 방식으로 이를 감지하고 방어하나요?,Network,
q73,방화벽(Firewall)의 인바운드/아웃바운드 제어 기준은 무엇인가요?,Network,
q74,네트워크 지연(Latency)과 대역폭(Bandwidth)의 차이 및 병목 현상은 어떻게 발생하나요?,Network,
q75,WebSocket과 HTTP의 차이점과 각각의 사용 사례는 무엇인가요?,Network,
q76,CDN(Content Delivery Network)의 역할과 동작 원리를 설명해 주세요.,Network,
q77,Keep-Alive와 Connection: close 헤더가 네트워크 연결에 어떤 영향을 미치나요?,Network,
q78,VPN의 기본 원리와 어떤 방식으로 통신을 암호화하는지 설명해 주세요.,Network,
q79,QoS(Quality of Service)란 무엇이며 어떤 상황에서 중요하게 다뤄지나요?,Network,
q80,데이터베이스(DB)의 정의와 사용하는 이유는 무엇인가요?,DB,
q81,DBMS와 RDBMS의 차이점은 무엇인가요?,DB,
q82,"관계형 데이터베이스에서 테이블 간의 관계를 구성하는 방식에는 어떤 것들이 있나요? (1:1, 1:N, N:M)",DB,
q83,기본 키(Primary Key)와 외래 키(Foreign Key)의 개념과 차이점을 설명해 주세요.,DB,
q84,SQL과 NoSQL의 차이는 무엇인가요? 각각 어떤 상황에서 적합한가요?,DB,
q85,"정규화(Normalization)란 무엇이며, 정규화의 목적은 무엇인가요?",DB,
q86,"1NF, 2NF, 3NF는 각각 어떤 조건을 만족해야 하나요?",DB,
q87,정규화와 반정규화(Denormalization)의 차이와 트레이드오프는 무엇인가요?,DB,
q88,트랜잭션(Transaction)의 개념과 특징(ACID)에 대해 설명해 주세요.,DB,
q89,"ACID의 각 요소(Atomicity, Consistency, Isolation, Durability)를 설명해 주세요.",DB,
q90,"트랜잭션 격리 수준(Isolation Level)의 종류와 각각이 방지하는 현상(Dirty Read, Non-Repeatable Read 등)을 설명해 주세요.",DB,
q91,MVCC(Multi-Version Concurrency Control)는 무엇이며 어떤 장점이 있나요?,DB,
q92,인덱스(Index)의 개념과 인덱스를 사용했을 때의 장단점은 무엇인가요?,DB,
q93,B-Tree와 Hash 인덱스의 차이점과 각각의 사용 사례는 무엇인가요?,DB,
q94,"인덱스가 항상 성능을 향상시켜주는 것은 아닌데, 어떤 경우 인덱스가 오히려 느려질 수 있나요?",DB,
q95,"조인(Join)의 종류(INNER, OUTER, LEFT, RIGHT 등)와 각각의 차이점을 설명해 주세요.",DB,
q96,"서브쿼리(Subquery)와 조인의 차이는 무엇이며, 언제 어떤 걸 사용하는 게 좋은가요?",DB,
q97,"뷰(View)의 개념과 사용하는 이유, 장단점은 무엇인가요?",DB,
q98,Stored Procedure(저장 프로시저)의 개념과 장점은 무엇인가요?,DB,
q99,"Prepared Statement와 일반 쿼리의 차이는 무엇이며, SQL Injection을 막기 위한 방법으로 왜 유리한가요?",DB,
q100,데이터 무결성(Data Integrity)을 보장하기 위한 제약조건(CONSTRAINT)에는 어떤 것들이 있나요?,DB,
q101,ORM(Object Relational Mapping)의 개념과 장단점은 무엇인가요?,DB,
q102,Sharding과 Replication의 차이점은 무엇이며 각각의 장단점은 무엇인가요?,DB,
q103,데이터베이스에서 발생할 수 있는 병목 현상과 이를 해결하기 위한 전략은 무엇인가요?,DB,
q104,"NoSQL의 주요 유형(Key-Value, Document, Column, Graph DB)과 각각의 특징은 무엇인가요?",DB,
q105,"CAP 이론이란 무엇이며, NoSQL에서 이 이론이 어떤 의미를 가지나요?",DB,
q106,Redis와 같은 인메모리 데이터베이스는 어떤 특징과 활용 사례가 있나요?,DB,
q107,"RDBMS에서 파티셔닝(Partitioning)이란 무엇이며, 수평 파티셔닝과 수직 파티셔닝의 차이는 무엇인가요?",DB,
q108,데이터베이스에서 로그(Log)는 어떤 역할을 하나요?,DB,
q109,"쿼리 성능을 진단하고 최적화하기 위한 도구나 방법에는 어떤 것들이 있나요? (EXPLAIN, ANALYZE 등)",DB,
q110,"자료구조와 알고리즘의 차이는 무엇이며, 각각 왜 중요한가요?",Algorithm,
q111,"시간 복잡도와 공간 복잡도란 무엇이며, 어떻게 분석하나요?",Algorithm,
q112,"Big-O, Big-Theta, Big-Omega의 개념과 차이를 설명해 주세요.",Algorithm,
q113,배열(Array)과 연결 리스트(Linked List)의 차이와 각각의 장단점은 무엇인가요?,Algorithm,
q114,스택(Stack)과 큐(Queue)의 개념과 사용 사례는 무엇인가요?,Algorithm,
q115,해시 테이블(Hash Table)의 구조와 충돌(Collision) 해결 방법은 무엇이 있나요?,Algorithm,
q116,"힙(Heap)의 종류와 동작 방식, 그리고 우선순위 큐로서의 사용 사례는 무엇인가요?",Algorithm,
q117,"트리(Tree) 자료구조의 정의와 이진 트리, 이진 탐색 트리(BST)의 차이점은 무엇인가요?",Algorithm,
q118,이진 탐색(Binary Search)의 원리와 시간 복잡도는 어떻게 되나요?,Algorithm,
q119,"그래프(Graph)의 종류(방향/무방향, 가중치/무가중치 등)와 표현 방식(인접 행렬, 인접 리스트)을 설명해 주세요.",Algorithm,
q120,DFS(깊이 우선 탐색)와 BFS(너비 우선 탐색)의 차이와 사용 사례는 무엇인가요?,Algorithm,
q121,"정렬 알고리즘 중 버블 정렬, 선택 정렬, 삽입 정렬의 차이와 시간 복잡도를 비교해 주세요.",Algorithm,
q122,퀵 정렬(Quick Sort)의 동작 방식과 평균/최악 시간 복잡도는 어떻게 되나요?,Algorithm,
q123,병합 정렬(Merge Sort)의 원리와 안정 정렬이란 무엇인지 함께 설명해 주세요.,Algorithm,
q124,힙 정렬(Heap Sort)의 개념과 구현 방식은 무엇인가요?,Algorithm,
q125,탐욕 알고리즘(Greedy)의 특징과 예시 문제는 무엇이 있나요?,Algorithm,
q126,동적 계획법(Dynamic Programming)의 핵심 아이디어와 메모이제이션(Memoization)의 개념은 무엇인가요?,Algorithm,
q127,"분할 정복(Divide and Conquer) 방식의 대표 알고리즘은 무엇이며, 어떻게 작동하나요?",Algorithm,
q128,백트래킹(Backtracking) 알고리즘은 어떤 문제에 적합한가요?,Algorithm,
q129,재귀(Recursion)와 반복(Iteration)의 차이점과 각각의 장단점은 무엇인가요?,Algorithm,
q130,KMP 알고리즘과 Rabin-Karp 알고리즘의 차이와 문자열 검색에 어떻게 활용되나요?,Algorithm,
q131,최단 경로 알고리즘 중 Dijkstra와 Floyd-Warshall의 차이점을 설명해 주세요.,Algorithm,
q132,최소 신장 트리(MST) 알고리즘인 Kruskal과 Prim 알고리즘의 차이는 무엇인가요?,Algorithm,
q133,Topological Sort(위상 정렬)의 개념과 적용 사례를 설명해 주세요.,Algorithm,
q134,"Union-Find 자료구조는 무엇이며, 어떤 알고리즘에서 사용되나요?",Algorithm,
q135,NP와 NP-Complete 문제의 정의와 예시를 설명해 주세요.,Algorithm,
q136,모놀리식 아키텍처(Monolithic Architecture)와 마이크로서비스 아키텍처(MSA)의 차이점은 무엇인가요?,Architecture,
q137,마이크로서비스 아키텍처에서 발생할 수 있는 문제점과 이를 해결하기 위한 방안은 무엇인가요?,Architecture,
q138,웹 서버와 WAS(Web Application Server)의 차이점은 무엇인가요?,Architecture,
q139,"로드 밸런서의 역할은 무엇이며, 어떤 방식으로 부하를 분산하나요?",Architecture,
q140,수평 확장(Scale-out)과 수직 확장(Scale-up)의 차이점과 각각의 장단점은 무엇인가요?,Architecture,
q141,무중단 배포(Zero Downtime Deployment)를 구현하기 위한 방법은 어떤 것들이 있나요?,Architecture,
q142,"세션(Session) 정보를 관리하는 방법에는 어떤 방식들이 있으며, 각각의 특징은 무엇인가요?",Architecture,
q143,"캐시(Cache)의 계층적 구조(L1/L2, CDN, Redis 등)를 어떻게 설계하나요?",Architecture,
q144,데이터 일관성(Consistency)을 유지하면서 시스템 확장성을 확보하는 방법은 무엇인가요?,Architecture,
q145,CQRS(Command Query Responsibility Segregation) 패턴은 무엇이며 어떤 장점이 있나요?,Architecture,
q146,이벤트 소싱(Event Sourcing)의 개념과 전통적인 CRUD 방식과의 차이점은 무엇인가요?,Architecture,
q147,"CAP 이론(Consistency, Availability, Partition tolerance)은 분산 시스템 설계 시 어떻게 적용되나요?",Architecture,
q148,백엔드 시스템에서 장애 전파(Failure Propagation)를 막기 위한 설계 전략은 무엇인가요?,Architecture,
q149,"Circuit Breaker 패턴은 무엇이며, 마이크로서비스에서 왜 필요한가요?",Architecture,
q150,서비스 간 통신 방식으로 REST와 gRPC의 차이점과 각각의 사용 사례는 무엇인가요?,Architecture,
q151,"API Gateway의 역할과 장점은 무엇이며, MSA 구조에서 왜 필요한가요?",Architecture,
q152,Message Queue를 도입할 때 얻는 장점과 주의할 점은 무엇인가요?,Architecture,
q153,Pub/Sub 모델과 Message Queue의 차이점은 무엇인가요?,Architecture,
q154,분산 트랜잭션을 처리하기 위한 설계 전략에는 어떤 것들이 있나요? (Saga 패턴 등),Architecture,
q155,데이터베이스 샤딩(Sharding)을 설계할 때 고려해야 할 요소는 무엇인가요?,Architecture,
q156,파일 업로드 서비스를 설계할 때 고려해야 할 요소는 무엇인가요?,Architecture,
q157,로그 수집 및 분석 시스템(ELK 스택 등)을 어떻게 설계하고 구성할 수 있나요?,Architecture,
q158,실시간 알림(푸시) 시스템을 설계할 때 고려해야 할 기술적 요소는 무엇인가요?,Architecture,
q159,사용자 인증 및 권한 시스템을 아키텍처 관점에서 어떻게 설계할 수 있나요?,Architecture,
q160,장애 허용 시스템(Fault Tolerant System)의 개념과 구현 방안은 무엇인가요?,Architecture,
q161,고가용성(High Availability)을 보장하는 시스템을 설계할 때 고려할 점은 무엇인가요?,Architecture,
q162,"서킷 브레이커, 리트라이, 타임아웃 같은 실패 대응 패턴을 어떻게 적용하나요?",Architecture,
q163,"보안의 기본 원칙(CIA Triad: Confidentiality, Integrity, Availability)에 대해 설명해 주세요.",Security,
q164,인증(Authentication)과 인가(Authorization)의 차이점을 설명해 주세요.,Security,
q165,대칭키 암호화와 비대칭키 암호화의 차이점 및 각각의 사용 사례는 무엇인가요?,Security,
q166,SSL/TLS 프로토콜의 역할과 동작 원리에 대해 설명해 주세요.,Security,
q167,해시 함수(Hash Function)의 특징과 보안 분야에서의 활용 사례에 대해 설명해 주세요.,Security,
q168,"디지털 서명(Digital Signature)이란 무엇이며, 어떻게 동작하나요?",Security,
q169,SQL Injection 공격의 원리와 이를 방어하기 위한 방법은 무엇인가요?,Security,
q170,XSS(Cross-Site Scripting)와 CSRF(Cross-Site Request Forgery)의 차이점과 방어 방법에 대해 설명해 주세요.,Security,
q171,"방화벽(Firewall)의 개념과 다양한 방화벽 유형(Stateful, Stateless 등)에 대해 설명해 주세요.",Security,
q172,IDS(Intrusion Detection System)와 IPS(Intrusion Prevention System)의 차이점은 무엇인가요?,Security,
q173,OAuth와 OpenID Connect의 차이점 및 각각의 사용 목적에 대해 설명해 주세요.,Security,
q174,"DoS 및 DDoS 공격의 개념, 동작 방식과 이를 완화하는 방법에 대해 설명해 주세요.",Security,
q175,"제로 트러스트(Zero Trust) 보안 모델이란 무엇이며, 기존의 보안 모델과 어떤 차이가 있나요?",Security,
q176,"보안 정책(Security Policy) 및 접근 제어 모델(RBAC, ABAC)의 차이에 대해 설명해 주세요.",Security,
q177,"취약점 스캐닝과 침투 테스트(Penetration Testing)는 어떻게 수행되며, 그 중요성은 무엇인가요?",Security,
q178,보안 로그(Security Logging)와 모니터링이 시스템 보안에 왜 중요한지 설명해 주세요.,Security,
q179,데이터 암호화 과정에서 발생할 수 있는 주요 공격 기법과 그 대응 방법에는 무엇이 있나요?,Security,
q180,클라우드 환경에서의 보안 이슈 및 이를 해결하기 위한 전략은 무엇인가요?,Security,
q181,모바일 애플리케이션 보안의 주요 고려사항과 보안 위협은 무엇인가요?,Security,
q182,시스템의 보안 업데이트 및 패치 관리가 보안 유지에 어떤 역할을 하는지 설명해 주세요.,Security,
q183,Machine Learning의 정의와 주요 응용 분야에 대해 설명해 주세요.,Machine Learning,
q184,"Supervised Learning, Unsupervised Learning, Reinforcement Learning의 차이점은 무엇인가요?",Machine Learning,
q185,"Gradient Descent의 원리와 대표적인 변형 알고리즘(SGD, Adam 등)의 차이점을 설명해 주세요.",Machine Learning,
q186,Overfitting과 Underfitting의 차이 및 이를 방지하기 위한 방법은 무엇인가요?,Machine Learning,
q187,"교차 검증(Cross-validation)의 역할과 종류(K-fold, Leave-one-out 등)를 설명해 주세요.",Machine Learning,
q188,"Regularization 기법(L1, L2, Dropout 등)의 목적과 적용 방법에 대해 설명해 주세요.",Machine Learning,
q189,"Decision Tree, Random Forest, 그리고 Boosting 알고리즘의 원리와 차이점을 설명해 주세요.",Machine Learning,
q190,Neural Network의 기본 구성 요소와 동작 원리에 대해 설명해 주세요.,Machine Learning,
q191,Deep Learning과 전통적인 Machine Learning의 차이점과 각각의 장단점은 무엇인가요?,Machine Learning,
q192,"Hyperparameter Tuning 방법(Grid Search, Random Search, Bayesian Optimization 등)에 대해 설명해 주세요.",Machine Learning,
q193,"모델 평가 지표(Accuracy, Precision, Recall, F1 Score 등)의 의미와 사용 시점을 설명해 주세요.",Machine Learning,
q194,클러스터링(Clustering) 알고리즘 중 K-means의 원리와 한계점은 무엇인가요?,Machine Learning,
q195,Support Vector Machine(SVM)의 원리와 커널 트릭(kernel trick)의 개념을 설명해 주세요.,Machine Learning,
q196,"Ensemble Learning의 개념과 배깅, 부스팅, 스태킹(Stacking) 기법의 차이를 설명해 주세요.",Machine Learning,
q197,AutoML의 개념과 머신러닝 워크플로우에서의 역할은 무엇인가요?,Machine Learning,
q198,Transfer Learning의 원리와 이를 활용한 모델 개발의 장점은 무엇인가요?,Machine Learning,
q199,Explainable AI(XAI)의 필요성과 주요 접근 방식에 대해 설명해 주세요.,Machine Learning,
q200,Reinforcement Learning에서 Exploration과 Exploitation 사이의 trade-off를 어떻게 해결할 수 있을까요?,Machine Learning,
q201,Parametric 모델과 Non-parametric 모델의 차이점과 각각의 장단점은 무엇인가요?,Machine Learning,
q202,"Feature Engineering의 중요성과 주요 기법(변수 생성, 스케일링, 인코딩 등)에 대해 설명해 주세요.",Machine Learning,
q203,차원의 저주'의 개념과 머신러닝 모델 성능에 미치는 영향을 설명해 주세요.,Machine Learning,
q204,주성분 분석(PCA)의 원리와 차원 축소에의 활용 방법에 대해 설명해 주세요.,Machine Learning,
q205,"Autoencoder의 구조와 이를 활용한 차원 축소, 이상치 탐지 기법에 대해 설명해 주세요.",Machine Learning,
q206,Generative 모델과 Discriminative 모델의 차이점을 비교해 보세요.,Machine Learning,
q207,Generative Adversarial Networks(GANs)의 기본 구조와 학습 원리를 설명해 주세요.,Machine Learning,
q208,"시계열 데이터 예측 모델(ARIMA, LSTM 등)의 주요 차이점과 적용 사례는 무엇인가요?",Machine Learning,
q209,Bayesian Machine Learning과 Frequentist 접근법의 차이점을 설명해 주세요.,Machine Learning,
q210,Cross-Entropy Loss와 Mean Squared Error Loss의 차이와 각각의 적합한 사용 상황은 무엇인가요?,Machine Learning,
q211,"Overparameterization이란 무엇이며, 모델 학습 및 일반화에 어떤 영향을 미치나요?",Machine Learning,
q212,Self-Supervised Learning의 개념과 이를 활용한 사례에 대해 설명해 주세요.,Machine Learning,
q213,Zero-shot Learning과 Few-shot Learning의 차이점을 설명해 주세요.,Machine Learning,
q214,Active Learning의 개념과 이를 활용하여 라벨링 비용을 줄이는 방법에 대해 설명해 주세요.,Machine Learning,
q215,"Federated Learning의 개념, 장단점 및 실제 적용 시 고려사항은 무엇인가요?",Machine Learning,
q216,"추천 시스템(Recommender System)의 주요 알고리즘(Collaborative Filtering, Content-Based, Hybrid 등)의 차이점은 무엇인가요?",Machine Learning,
q217,Hyperparameter Optimization에서 Random Search가 Grid Search보다 가지는 이점은 무엇인가요?,Machine Learning,
q218,Multi-label Classification과 Multi-class Classification의 개념적 차이와 적용 사례에 대해 설명해 주세요.,Machine Learning,
q219,Sequence-to-Sequence 모델의 구조와 기계 번역 및 텍스트 요약에서의 역할은 무엇인가요?,Machine Learning,
q220,Self-Attention 메커니즘과 Transformer 모델의 핵심 원리를 설명해 주세요.,Machine Learning,
q221,클라우드 컴퓨팅의 정의와 주요 이점에 대해 설명해 주세요.,Cloud,
q222,"IaaS, PaaS, SaaS의 차이점과 각각의 대표적인 서비스 사례를 설명해 주세요.",Cloud,
q223,"퍼블릭 클라우드, 프라이빗 클라우드, 하이브리드 클라우드의 차이점에 대해 설명해 주세요.",Cloud,
q224,가상화 기술과 컨테이너 기술이 클라우드 컴퓨팅에서 가지는 역할은 무엇인가요?,Cloud,
q225,"AWS, Azure, GCP의 주요 특징과 차이점에 대해 설명해 주세요.",Cloud,
q226,서버리스(Serverless) 컴퓨팅의 개념과 장단점을 설명해 주세요.,Cloud,
q227,"클라우드 네이티브 애플리케이션이란 무엇이며, 그 설계 원칙은 무엇인가요?",Cloud,
q228,Auto-scaling의 개념과 클라우드 환경에서의 구현 방식은 무엇인가요?,Cloud,
q229,클라우드 보안 모범 사례와 주요 보안 위협은 무엇인가요?,Cloud,
q230,클라우드 비용 최적화 전략과 모니터링 방법에 대해 설명해 주세요.,Cloud,
q231,클라우드 마이그레이션 전략과 그 주요 고려사항은 무엇인가요?,Cloud,
q232,멀티클라우드 전략의 이점과 도전 과제는 무엇인가요?,Cloud,
q233,클라우드 환경에서 고가용성을 보장하기 위한 아키텍처 구성은 어떻게 해야 하나요?,Cloud,
q234,클라우드 기반 재해 복구(Disaster Recovery) 전략에는 어떤 것들이 있나요?,Cloud,
q235,VPC(Virtual Private Cloud)의 개념과 네트워크 구성 방법에 대해 설명해 주세요.,Cloud,
q236,클라우드 인프라 모니터링 도구와 그 역할에 대해 설명해 주세요.,Cloud,
q237,Edge Computing과 클라우드 컴퓨팅의 관계 및 활용 사례에 대해 설명해 주세요.,Cloud,
q238,클라우드에서 Vendor Lock-in 문제를 최소화하기 위한 전략은 무엇인가요?,Cloud,
q239,클라우드 기반 CI/CD 파이프라인 구축 시 고려해야 할 요소는 무엇인가요?,Cloud,
q240,클라우드에서 컨테이너 오케스트레이션 도구(Kubernetes 등)의 역할은 무엇인가요?,Cloud,
q241,클라우드 API 게이트웨이의 역할과 이를 사용하는 이유는 무엇인가요?,Cloud,
q242,클라우드 서비스의 SLA(Service Level Agreement) 구성 요소와 검토 포인트는 무엇인가요?,Cloud,
q243,클라우드 데이터 프라이버시와 규정 준수(GDPR 등)에 대한 접근 방법은 무엇인가요?,Cloud,
q244,"인프라를 코드로 관리하는 IaC(Infrastructure as Code)의 개념과 도구(Terraform, CloudFormation 등)를 설명해 주세요.",Cloud,
q245,"클라우드 환경에서 컨테이너 보안과 클라우드 보안 도구(CASB, CSPM 등)의 역할과 특징은 무엇인가요?",Cloud,
q246,클라우드 기반 애플리케이션의 성능 문제를 진단하고 해결하기 위한 방법에는 무엇이 있나요?,Cloud,
q247,클라우드 환경에서 DevOps 문화와 도구의 중요성에 대해 설명해 주세요.,Cloud,
q248,클라우드 서비스에서 데이터 백업과 복구 전략을 어떻게 수립해야 하나요?,Cloud,
q249,"클라우드의 최신 트렌드(분산 클라우드, 서버리스, 엣지 클라우드 등)에 대해 어떻게 준비하고 있나요?",Cloud,
q250,클라우드 컴퓨팅이 기업 IT 인프라에 미치는 영향과 미래 전망은 무엇인가요?,Cloud,
q251,"클라우드 애플리케이션 배포 전략과 롤링 업데이트, 블루/그린 배포 방식을 설명해 주세요.",Cloud,
q252,"클라우드에서의 스케일링 유형(수직, 수평, 자동 스케일링)의 차이점을 설명해 주세요.",Cloud,
q253,"클라우드 환경에서 로그 분석 및 모니터링 시스템(ELK 스택, Prometheus 등)의 역할은 무엇인가요?",Cloud,
q254,클라우드 네이티브 보안 아키텍처의 핵심 원칙은 무엇인가요?,Cloud,
q255,클라우드 서비스에서 API 관리와 보안이 중요한 이유는 무엇인가요?,Cloud,
q256,"클라우드 환경에서 스트리밍 데이터 처리를 위한 기술(Kafka, Kinesis 등)의 장단점은 무엇인가요?",Cloud,
q257,클라우드 기반 빅데이터 분석 플랫폼의 구성 요소와 장점은 무엇인가요?,Cloud,
q258,클라우드 공급업체 간 상호 운용성(interoperability)을 확보하는 방법은 무엇인가요?,Cloud,
q259,클라우드에서 리소스 프로비저닝과 오토메이션을 위한 도구들은 어떤 것이 있나요?,Cloud,
q260,"클라우드를 활용한 서버리스 데이터베이스(DynamoDB, Firestore 등)의 특징과 장점을 설명해 주세요.",Cloud,
q261,모바일 애플리케이션 개발 시 플랫폼 선택(Android vs iOS)의 주요 고려 사항은 무엇인가요?,Mobile,
q262,안드로이드와 iOS의 아키텍처 차이점 및 각각의 강점과 약점은 무엇인가요?,Mobile,
q263,모바일 앱에서 메모리 관리와 배터리 최적화를 위한 주요 기법은 무엇인가요?,Mobile,
q264,백그라운드 작업과 푸시 알림 구현 시 고려해야 할 점은 무엇인가요?,Mobile,
q265,모바일 앱 개발 시 효과적인 UI/UX 디자인을 위한 핵심 원칙은 무엇인가요?,Mobile,
q266,네이티브 앱과 하이브리드 앱의 차이점 및 각각의 장단점은 무엇인가요?,Mobile,
q267,반응형 디자인이 모바일 앱 개발에 어떻게 적용되는지 설명해 주세요.,Mobile,
q268,앱스토어 최적화(ASO)의 개념과 모바일 앱 마케팅 전략에서의 역할은 무엇인가요?,Mobile,
q269,"모바일 애플리케이션 보안을 강화하기 위한 주요 방법들(데이터 암호화, 보안 통신 등)은 무엇인가요?",Mobile,
q270,모바일 앱 성능 최적화를 위한 도구와 방법론에는 어떤 것들이 있나요?,Mobile,
q271,모바일 애플리케이션의 네트워크 통신 효율성을 높이기 위한 전략은 무엇인가요?,Mobile,
q272,앱의 접근성과 국제화(i18n)를 고려한 다국어 지원 전략은 어떻게 수립하나요?,Mobile,
q273,모바일 앱 테스트 자동화와 지속적 통합(CI) 환경 구축 시 고려할 점은 무엇인가요?,Mobile,
q274,모바일 앱의 업데이트와 버전 관리 전략을 어떻게 수립하고 관리하나요?,Mobile,
q275,"블루투스, NFC, GPS 등 모바일 디바이스의 하드웨어 통신 기술이 앱에 미치는 영향과 구현 방법은 무엇인가요?",Mobile,
q276,"플랫폼 별 SDK와 라이브러리 선택 시 주요 고려사항은 무엇이며, 이에 따른 개발 전략은 어떻게 수립하나요?",Mobile,
q277,모바일 웹앱과 네이티브 앱의 차이점과 각각의 선택 기준은 무엇인가요?,Mobile,
q278,테스트 주도 개발(TDD)을 모바일 앱 개발에 적용할 때의 이점과 도전 과제는 무엇인가요?,Mobile,
q279,"모바일 애플리케이션의 디버깅과 크래시 리포트 수집 전략은 무엇이며, 이를 통해 어떤 정보를 얻을 수 있나요?",Mobile,
q280,"모바일 앱의 성능 최적화, 메모리 누수 탐지 및 프로파일링을 위한 도구와 그 특징은 무엇인가요?",Mobile,
q281,"다양한 프로그래밍 패러다임(절차적, 객체지향, 함수형 등)의 특징과 장단점을 비교해 주세요.",Languages,
q282,컴파일 언어와 인터프리터 언어의 차이점과 각각의 사용 사례는 무엇인가요?,Languages,
q283,주요 프로그래밍 언어들 간의 메모리 관리 방식(C/C++ vs Java vs Python 등)의 차이점을 설명해 주세요.,Languages,
q284,정적 타입 언어와 동적 타입 언어의 차이점 및 각각의 장단점에 대해 설명해 주세요.,Languages,
q285,"Garbage Collection(GC) 메커니즘이 어떻게 작동하는지와 다양한 GC 알고리즘(Mark-Sweep, Generational GC 등)의 차이점을 설명해 주세요.",Languages,
q286,"함수형 프로그래밍의 주요 개념(immutability, 순수 함수 등)과 이를 활용한 프로그래밍 기법에 대해 설명해 주세요.",Languages,
q287,"객체지향 프로그래밍(OOP)의 4대 원칙(캡슐화, 상속, 다형성, 추상화)에 대해 설명해 주세요.",Languages,
q288,동시성(Concurrency)과 병렬성(Parallelism)의 차이 및 프로그래밍 언어에서 이를 지원하기 위한 주요 기능은 무엇인가요?,Languages,
q289,프로그램 실행 시 스택과 힙 메모리의 차이와 할당 방식에 대해 설명해 주세요.,Languages,
q290,C++의 RAII(Resource Acquisition Is Initialization) 패턴과 메모리 관리에 미치는 영향을 논의해 주세요.,Languages,
q291,Functional Reactive Programming(FRP)의 개념과 주요 활용 사례에 대해 설명해 주세요.,Languages,
q292,"DSL(Domain-Specific Language)의 정의, 사용 사례 및 개발 시 고려사항에 대해 설명해 주세요.",Languages,
q293,Type Inference(타입 추론) 기능이 프로그래밍 언어에서 가지는 이점과 한계는 무엇인가요?,Languages,
q294,메타프로그래밍(Metaprogramming)의 개념과 주요 기법(템플릿 메타프로그래밍 등)에 대해 설명해 주세요.,Languages,
q295,Immutable 데이터 구조가 프로그래밍에서 가지는 장점과 활용 방법에 대해 설명해 주세요.,Languages,
q296,Tail Call Optimization(TCO)의 원리와 이를 지원하는 프로그래밍 언어는 무엇인가요?,Languages,
q297,"동시성 문제 해결을 위한 언어적 접근 방식(메시지 패싱, 액터 모델 등)에 대해 설명해 주세요.",Languages,
q298,Static Analysis(정적 분석) 도구가 프로그래밍 언어 개발과 유지보수에 미치는 영향은 무엇인가요?,Languages,
q299,"다형성(Polymorphism)의 개념과, 언어에 따라 구현 방식(오버라이딩, 오버로딩, 제네릭 등)이 어떻게 다른지 설명해 주세요.",Languages,
q300,새로운 프로그래밍 언어를 설계할 때 고려해야 할 주요 요소들은 무엇인가요?,Languages,
q301,모던 언어에서 컴파일 타임과 런타임의 역할과 그에 따른 성능 영향은 무엇인가요?,Languages,
q302,Reflection(리플렉션)의 개념과 이를 지원하는 주요 프로그래밍 언어 및 활용 사례에 대해 설명해 주세요.,Languages,
q303,언어 설계에서 간결성과 가독성을 유지하기 위한 주요 기법과 철학은 무엇인가요?,Languages,
q304,에러 핸들링(Exception Handling) 메커니즘이 언어마다 어떻게 구현되는지 설명해 주세요.,Languages,
q305,함수형 프로그래밍 언어에서 고계 함수(Higher-Order Functions)의 역할과 장점을 설명해 주세요.,Languages,
q306,"Mixin과 Trait의 개념, 그리고 이를 지원하는 언어의 예시와 차이점을 설명해 주세요.",Languages,
q307,언어 간 상호 운용성(Interoperability) 문제와 이를 해결하기 위한 접근 방식에는 무엇이 있나요?,Languages,
q308,다중 상속과 인터페이스의 차이점 및 각각의 장단점을 설명해 주세요.,Languages,
q309,패턴 매칭(Pattern Matching)의 개념과 여러 언어에서 구현되는 방식을 설명해 주세요.,Languages,
q310,불변(Immutable) 객체의 사용이 가지는 이점과 단점을 논의해 주세요.,Languages,
q311,TypeScript나 Kotlin과 같은 언어에서 null 안전성(Null Safety)을 어떻게 보장하는지 설명해 주세요.,Languages,
q312,종속 타입(Dependent Types)의 개념과 이를 언어에 도입할 때의 장단점을 설명해 주세요.,Languages,
q313,"비동기 프로그래밍 지원을 위한 기능(async/await, 코루틴 등)을 비교해 주세요.",Languages,
q314,동적 언어와 정적 언어에서 발생하는 런타임 오류 처리 방식의 차이와 각 방식의 장점을 설명해 주세요.,Languages,
q315,라이브러리 및 프레임워크의 활용도가 프로그래밍 언어 선택에 미치는 영향을 설명해 주세요.,Languages,
q316,블록 스코프(Block Scope)와 함수 스코프(Function Scope)의 차이 및 언어 설계에 미치는 영향을 설명해 주세요.,Languages,
q317,소스 코드의 가독성과 유지보수성을 높이기 위한 언어 기능에는 어떤 것들이 있는지 설명해 주세요.,Languages,
q318,인터프리터 언어와 JIT 컴파일 방식의 차이점 및 성능 특성을 비교해 주세요.,Languages,
q319,동적 언어에서의 Duck Typing 개념과 그 장단점을 설명해 주세요.,Languages,
q320,함수의 부수 효과(Side Effects)를 최소화하기 위한 언어적 기능 및 설계 기법에는 무엇이 있나요?,Languages,
q321,"DevOps의 정의와 역할은 무엇이며, 조직에서 도입하는 이유는 무엇인가요?",DevOps,
q322,CI/CD 파이프라인의 구성 요소와 구축 시 고려사항은 무엇인가요?,DevOps,
q323,Infrastructure as Code(IaC)의 개념과 이를 활용한 인프라 관리의 장점은 무엇인가요?,DevOps,
q324,컨테이너 기술(Docker 등)이 DevOps에 미치는 영향과 역할을 설명해 주세요.,DevOps,
q325,Kubernetes와 같은 컨테이너 오케스트레이션 도구의 주요 기능과 도입 시 주의사항은 무엇인가요?,DevOps,
q326,"Jenkins, GitLab CI, CircleCI 등 CI 도구들의 차이점과 각 도구의 장단점을 설명해 주세요.",DevOps,
q327,"Configuration Management 도구(Ansible, Chef, Puppet 등)의 역할과 주요 기능은 무엇인가요?",DevOps,
q328,"DevOps 환경에서 모니터링 및 로깅 도구(Prometheus, ELK 스택 등)의 역할과 사용 방법을 설명해 주세요.",DevOps,
q329,Blue/Green 배포와 Canary 배포의 차이점 및 각각의 장단점을 설명해 주세요.,DevOps,
q330,DevSecOps 개념과 기존 DevOps 프로세스에 보안을 통합하는 방법은 무엇인가요?,DevOps,
q331,자동화된 테스트와 지속적 통합(CI)의 중요성과 효과적인 전략은 무엇인가요?,DevOps,
q332,DevOps 문화와 조직 구조 변화가 소프트웨어 개발 및 운영에 미치는 영향은 무엇인가요?,DevOps,
q333,롤백 전략 및 무중단 배포를 구현하기 위한 방법에 대해 설명해 주세요.,DevOps,
q334,Chaos Engineering의 개념과 이를 활용하여 시스템의 복원력을 강화하는 방법은 무엇인가요?,DevOps,
q335,Immutable Infrastructure의 개념과 그 장점을 설명해 주세요.,DevOps,
q336,마이크로서비스 아키텍처와 DevOps의 상관관계 및 시너지 효과를 설명해 주세요.,DevOps,
q337,"DevOps 지표(Lead Time, MTTR, 배포 빈도 등)를 측정하고 관리하는 방법은 무엇인가요?",DevOps,
q338,GitOps의 개념과 기존 DevOps 방식과의 차별점에 대해 설명해 주세요.,DevOps,
q339,클라우드 환경에서 DevOps 도구를 활용하여 인프라를 자동으로 프로비저닝하는 방법은 무엇인가요?,DevOps,
q340,"DevOps 환경 구축 시 보안, 규정 준수, 모니터링 등 다양한 요구사항을 통합하는 방법은 무엇인가요?",DevOps,
q341,자동화된 배포(Continuous Deployment)와 지속적 통합(Continuous Integration)의 차이와 상호 보완적 역할은 무엇인가요?,DevOps,
q342,"DevOps 도입 시 발생할 수 있는 문화적, 기술적 도전 과제와 이를 해결하기 위한 전략은 무엇인가요?",DevOps,
q343,서버리스(Serverless) 아키텍처와 DevOps 도입 간의 관계를 설명해 주세요.,DevOps,
q344,머신러닝/AI를 활용한 운영 자동화(AIOps)의 개념과 이를 구현하기 위한 주요 기술은 무엇인가요?,DevOps,
q345,DevOps 환경에서 로그 분석 및 시각화 도구를 활용하여 문제 해결을 가속화하는 방법은 무엇인가요?,DevOps,
q346,자체 치유(Self-healing) 시스템을 구현하기 위한 DevOps 전략은 무엇인가요?,DevOps,
q347,DevOps에서 버전 관리 시스템(Git 등)이 중요한 역할을 하는 이유와 효과적인 브랜칭 전략은 무엇인가요?,DevOps,
q348,스케일링(수평/수직)의 개념이 DevOps 환경에서 어떻게 적용되고 관리되는지 설명해 주세요.,DevOps,
q349,컨테이너 보안과 관련하여 DevOps 팀이 고려해야 할 주요 보안 점검 사항은 무엇인가요?,DevOps,
q350,"DevOps 파이프라인에서 환경 별(개발, 스테이징, 프로덕션) 배포 차이를 어떻게 관리해야 하는지 설명해 주세요.",DevOps,
q351,DevOps 도구와 기술들의 통합 및 자동화를 통해 얻을 수 있는 비즈니스 가치는 무엇인가요?,DevOps,
q352,서비스 메시(Service Mesh)가 DevOps 환경에서 가지는 역할과 구현 시 고려사항은 무엇인가요?,DevOps,
q353,DevOps 팀 내의 협업과 소통을 증진하기 위해 도입할 수 있는 도구와 프로세스는 무엇인가요?,DevOps,
q354,DevOps 프로젝트에서 CI/CD 파이프라인의 실패 원인과 이를 개선하기 위한 방법은 무엇인가요?,DevOps,
q355,컨테이너 레지스트리(Container Registry)의 역할과 관리 전략에 대해 설명해 주세요.,DevOps,
q356,DevOps 환경에서 지속적인 피드백(Continuous Feedback)의 중요성과 이를 위한 도구는 무엇인가요?,DevOps,
q357,DevOps에서 스케일링과 복원력 보장을 위한 아키텍처적 고려사항은 무엇인가요?,DevOps,
q358,DevOps 워크플로우에서 테스트 자동화와 모니터링이 통합되는 방식에 대해 설명해 주세요.,DevOps,
q359,기술 부채(Technical Debt)가 DevOps 프로세스에 미치는 영향과 이를 관리하는 방법은 무엇인가요?,DevOps,
q360,DevOps 문화와 린(Lean) 원칙이 소프트웨어 개발 및 운영 효율성에 미치는 영향을 설명해 주세요.,DevOps,
q361,소프트웨어 테스트의 정의와 목적에 대해 설명해 주세요.,Testing,
q362,정적 테스트와 동적 테스트의 차이점 및 각각의 장점은 무엇인가요?,Testing,
q363,"유닛 테스트(Unit Testing)란 무엇이며, 효과적인 유닛 테스트를 작성하기 위한 모범 사례는 무엇인가요?",Testing,
q364,통합 테스트(Integration Testing)와 시스템 테스트(System Testing)의 차이점은 무엇인가요?,Testing,
q365,테스트 케이스(Test Case) 작성 시 고려해야 할 주요 요소들은 무엇인가요?,Testing,
q366,"테스트 자동화의 장점과 단점은 무엇이며, 어떤 상황에서 자동화가 적합한지 설명해 주세요.",Testing,
q367,CI/CD 파이프라인 내에서 테스트 자동화가 가지는 역할과 중요성은 무엇인가요?,Testing,
q368,"테스트 주도 개발(TDD, Test-Driven Development)의 개념과 이를 적용할 때의 이점과 한계는 무엇인가요?",Testing,
q369,회귀 테스트(Regression Testing)의 필요성과 효율적인 수행 방법에 대해 설명해 주세요.,Testing,
q370,"성능 테스트, 부하 테스트, 그리고 스트레스 테스트의 차이점과 각각의 목적은 무엇인가요?",Testing,
q371,보안 테스트(Security Testing)의 주요 요소와 수행 방법에 대해 설명해 주세요.,Testing,
q372,정적 분석 도구(Static Analysis Tool)와 동적 분석 도구(Dynamic Analysis Tool)의 차이점을 설명해 주세요.,Testing,
q373,코드 커버리지(Code Coverage)의 개념과 이를 측정하는 방법에 대해 설명해 주세요.,Testing,
q374,테스트 환경과 실제 운영 환경 사이의 차이를 어떻게 관리해야 하는지 설명해 주세요.,Testing,
q375,A/B 테스트의 개념과 이를 통해 얻은 데이터를 기반으로 의사결정을 내리는 방법에 대해 설명해 주세요.,Testing,
q376,"모바일 애플리케이션 테스트 시 고려해야 할 특수 상황(네트워크, 다양한 디바이스 등)에 대해 설명해 주세요.",Testing,
q377,"자동화 테스트 도구(Selenium, Appium 등)의 주요 특징과 선택 기준은 무엇인가요?",Testing,
q378,BDD(Behavior-Driven Development)와 ATDD(Acceptance Test Driven Development)의 차이점과 활용 방법에 대해 설명해 주세요.,Testing,
q379,효과적인 테스트 문서화(Test Documentation)의 중요성과 전략은 무엇인가요?,Testing,
q380,지속적 테스트(Continuous Testing)와 DevOps 환경에서의 테스트 전략에 대해 설명해 주세요.,Testing,
